Category,Product,SKU,Stock,Price,Status,Size
T-Shirt,Choose Any 3 Tank Top And Get 5% Extra Off,TB-05-003,0.0,0.0,Instock,
T-Shirt,Choose Any 5 Tank Top And Get 10% Extra Off,TB-05-002,0.0,0.0,Instock,
Wallet,Chocolate Bifold Wallet,109-0102-074,8.0,489.3,Instock,
Wallet,Green Bifold Wallet,109-0102-073,6.0,489.3,Instock,
Wallet,Black Bifold Wallet,109-0102-072,10.0,489.3,Instock,
Wallet,Green Leather Long Wallet,109-0101-048,2.0,909.3,Instock,
Belt,Black Premium Leather Belt,109-0402-058,19.0,665.0,Instock,
Belt,Chocolate Premium Leather Belt,109-0402-057,21.0,665.0,Instock,
Belt,Chocolate Premium Leather Belt,109-0402-054,25.0,665.0,Instock,
Belt,Chocolate Premium Leather Belt,109-0402-051,24.0,693.0,Instock,
Belt,Chocolate Premium Leather Belt,109-0402-050,14.0,693.0,Instock,
Belt,Chocolate Premium Leather Belt,109-0402-046,7.0,665.0,Instock,
Wallet,Compact Genuine Leather Card Holder,109-0104-002,6.0,413.0,Instock,
Wallet,Compact Genuine Leather Card Holder,109-0104-003,3.0,413.0,Instock,
Wallet,Compact Genuine Leather Card Holder,109-0104-004,3.0,413.0,Instock,
Wallet,Compact Genuine Leather Card Holder,109-0104-006,4.0,483.0,Instock,
Wallet,Compact Genuine Leather Card Holder,109-0104-005,4.0,483.0,Instock,
Wallet,Black Leather Long Zipper Wallet,109-0101-052,4.0,944.3,Instock,
Wallet,Chocolate Leather Long Zipper Wallet,109-0101-051,6.0,944.3,Instock,
Wallet,Chocolate Leather Long Wallet,109-0101-050,4.0,909.3,Instock,
Wallet,Black Leather Long Wallet,109-0101-049,4.0,909.3,Instock,
Wallet,Black Bifold Wallet,109-0102-071,7.0,525.0,Instock,
Wallet,Chocolate Bifold Wallet,109-0102-070,5.0,525.0,Instock,
Wallet,Chocolate Bifold Leather Wallet,109-0102-069,4.0,595.0,Instock,
Wallet,Brown Bifold Leather Wallet,109-0102-064,9.0,665.0,Instock,
Wallet,Black Bifold Leather Wallet,109-0102-063,7.0,665.0,Instock,
Belt,Black Premium Leather Belt,109-0402-061,24.0,693.0,Instock,
Belt,Chocolate Premium Leather Belt,109-0402-060,15.0,693.0,Instock,
Belt,Mocha Premium Leather Belt,109-0402-056,19.0,665.0,Instock,
Belt,Mocha Premium Leather Belt,109-0402-055,5.0,665.0,Instock,
Belt,Chocolate Premium Leather Belt,109-0402-052,0.0,693.0,Outofstock,
Belt,Black Premium Leather Belt,109-0402-049,5.0,693.0,Instock,
Belt,Black Premium Leather Belt,109-0402-048,18.0,693.0,Instock,
Wallet,Executive Brown Leather Card Holder,109-0104-001,6.0,413.0,Instock,
Belt,Brown Premium Leather Belt,109-0402-047,7.0,665.0,Instock,
Belt,Brown Premium Leather Belt,109-0402-045,6.0,665.0,Instock,
Belt,Brown Premium Leather Belt,109-0402-044,16.0,693.0,Instock,
Belt,Brown Premium Leather Belt,109-0402-043,21.0,693.0,Instock,
Belt,Brown Premium Leather Belt,109-0402-042,2.0,693.0,Instock,
Belt,Black Genuine Leather Belt,109-0402-041,17.0,665.0,Instock,
Belt,Black Genuine Leather Belt,109-0402-040,4.0,665.0,Instock,
Belt,Black Genuine Leather Belt,109-0402-038,0.0,665.0,Outofstock,
Belt,Black Premium Leather Belt,109-0402-037,25.0,693.0,Instock,
Belt,Black Premium Leather Belt,109-0402-036,24.0,693.0,Instock,
Belt,Black Premium Leather Belt,109-0402-035,8.0,495.0,Instock,
Bundles,Tradition Meets Denim Bundle,JP-03-02,0.0,0.0,Instock,
Bundles,Heritage Style Bundle,JP-03-01,0.0,0.0,Instock,
Others,Double Denim Combo,TJB-03-4,0.0,0.0,Instock,
Others,Denim & Drop Combo,TJB-03-3,0.0,0.0,Instock,
Others,Casual Essentials Combo,TJB-03-02,0.0,0.0,Instock,
T-Shirt,Denim & Tee Power Pack,TJB-03-01,0.0,0.0,Instock,
Wallet,Choco Coinpocket Bifold Leather Wallet,109-0102-067,6.0,665.0,Instock,
Wallet,Sage Bifold Leather Wallet,109-0102-066,6.0,595.0,Instock,
Wallet,Plain Choco Bifold Leather Wallet,109-0102-065,0.0,850.0,Outofstock,
Wallet,Burgendy Leather Long Wallet,109-0101-045,4.0,909.3,Instock,
Wallet,Black Leather Long Wallet,109-0101-046,4.0,909.3,Instock,
Wallet,Plain Choco Leather Long Wallet,109-0101-047,4.0,909.3,Instock,
Wallet,Gritty Black Multi-Chamber Bifold Wallet,109-0102-062,4.0,525.0,Instock,
Wallet,Gritty Brown Multi-Chamber Bifold Wallet,109-0102-061,2.0,525.0,Instock,
Wallet,Sage Multi-Chamber Bifold Wallet,109-0102-060,3.0,665.0,Instock,
Wallet,Rust Multi-Chamber Bifold Wallet,109-0102-059,2.0,665.0,Instock,
Wallet,Black Multi-Chamber Bifold Wallet,109-0102-058,0.0,665.0,Outofstock,
Wallet,Black Coinpocket Bifold Leather Wallet,109-0102-055,4.0,665.0,Instock,
Wallet,Polished Choco Bifold Leather Wallet,109-0102-053,5.0,630.0,Instock,
Wallet,Polished Black Bifold Leather Wallet,109-0102-052,4.0,630.0,Instock,
Wallet,Plain Brown Bifold Leather Wallet,109-0102-049,2.0,595.0,Instock,
Wallet,Burgendy Bifold Leather Wallet,109-0102-048,3.0,595.0,Instock,
Wallet,Plain Black Bifold Leather Wallet,109-0102-047,0.0,850.0,Outofstock,
T-Shirt,Choose Any 5 T-Shirts,TB-05-1,0.0,0.0,Instock,
T-Shirt,Choose Any 3 T-Shirts,TB-03-1,0.0,0.0,Instock,
T-Shirt,Choose Any 2 T-Shirts,TB-02-001,0.0,0.0,Instock,
Sweatshirt,Sweatshirt Trio,CB-110-108-13,0.0,0.0,Outofstock,
Sweatshirt,Sweatshirt Duo,CB-110-108-12,0.0,0.0,Outofstock,
Others,Off-White Sweat Combo,CB-110-108-01,0.0,0.0,Outofstock,
Others,Sweat Combo,CB-110-108-09,0.0,0.0,Outofstock,
Others,Maroon Sweat Combo,CB-110-108-06,0.0,0.0,Outofstock,
Others,Brown Sweat Combo,CB-110-108-05,0.0,0.0,Outofstock,
Others,Green Sweat Combo,CB-110-108-04,0.0,0.0,Outofstock,
Others,Sky Blue Sweat Combo,CB-110-108-03,0.0,0.0,Outofstock,
Others,Teal Sweat Combo,CB-110-108-08,0.0,0.0,Outofstock,
Others,Choco Sweat Combo,CB-110-108-07,0.0,0.0,Outofstock,
Belt,Black Leather Gear Belt,109-0401-143,0.0,549.5,Outofstock,
Belt,Reversible Leather Belt with Moving Buckle,109-0403-009,0.0,999.0,Outofstock,
Wallet,Indigo Navy Trifold Genuine Leather Wallet,109-0103-017,1.0,616.0,Instock,
Wallet,Chocolate Leather Long Wallet,109-0101-036,1.0,909.3,Instock,
Wallet,Auburn Luxe Trifold Leather Wallet,109-0103-008,0.0,880.0,Outofstock,
Wallet,DEEN Bifold Leather Wallet,109-0102-029,0.0,799.0,Outofstock,
Wallet,Black Finish Leather Passport Holder,109-0303-001,1.0,559.3,Instock,
Wallet,Pebble Grain Leather Bi-fold Wallet,109-0102-039,0.0,799.0,Outofstock,
Belt,Reversible Leather Belt with Moving Buckle,109-0403-007,0.0,999.0,Outofstock,
Belt,Reversible Leather Belt with Moving Buckle,109-0403-005,0.0,999.0,Outofstock,
Wallet,Choco Leather Passport Holder,109-0303-005,3.0,440.0,Instock,
Belt,Black Premium Leather Belt,109-0401-185,0.0,474.5,Outofstock,
Belt,Black Leather Gear Belt,109-0401-179,0.0,549.5,Outofstock,
Wallet,DEEN Bifold Leather Wallet,109-0102-031,0.0,399.5,Outofstock,
Wallet,DEEN Genuine Leather Long Wallet,109-0101-002,0.0,574.5,Outofstock,
Leather Bag,Croco Dual Black  Executive Leather Bag,109-0301-018,0.0,4599.0,Outofstock,
Belt,Black Premium Leather Belt,109-0402-009,0.0,990.0,Outofstock,
Belt,Chocolate Premium Leather Belt,109-0402-015,0.0,990.0,Outofstock,
Belt,Chocolate Premium Leather Belt,109-0402-017,2.0,693.0,Instock,
Belt,Chocolate Premium Leather Belt,109-0402-020,0.0,990.0,Outofstock,
Belt,Chocolate Premium Leather Belt,109-0402-027,0.0,990.0,Outofstock,
Belt,Chocolate Premium Leather Belt,109-0402-028,0.0,990.0,Outofstock,
Belt,Reversible Leather Belt with Moving Buckle,109-0403-003,0.0,999.0,Outofstock,
Belt,Reversible Leather Belt with Moving Buckle,109-0403-006,0.0,999.0,Outofstock,
Belt,Chocolate Premium Leather Belt,109-0402-0018,1.0,693.0,Instock,
Belt,Chocolate Premium Leather Belt,109-0402-0013,1.0,693.0,Instock,
Belt,Black Premium Leather Belt,109-0402-006,0.0,990.0,Outofstock,
Belt,Chocolate Premium Leather Belt,109-0402-003,2.0,693.0,Instock,
Belt,Chocolate Premium Leather Belt,109-0402-002,1.0,693.0,Instock,
Belt,Black Leather Gear Belt,109-0401-159,0.0,1090.0,Outofstock,
Belt,Black Leather Gear Belt,109-0401-146,0.0,1090.0,Outofstock,
Belt,Black Leather Gear Belt,109-0401-133,0.0,1090.0,Outofstock,
Belt,Chocolate Leather Gear Belt,109-0401-125,0.0,1090.0,Outofstock,
Belt,Chocolate Leather Gear Belt,109-0401-120,0.0,1090.0,Outofstock,
Belt,Black Premium Leather Belt,109-0402-023,0.0,990.0,Outofstock,
Belt,Black Premium Leather Belt,109-0402-007,2.0,693.0,Instock,
Belt,Chocolate Premium Leather Belt,109-0402-022,1.0,693.0,Instock,
Belt,Chocolate Premium Leather Belt,109-0402-012,1.0,693.0,Instock,
Belt,Chocolate Premium Leather Belt,109-0402-021,0.0,693.0,Outofstock,
Belt,Black Premium Leather Belt,109-0402-011,0.0,990.0,Outofstock,
Belt,Reversible Leather Belt with Moving Buckle,109-0403-004,0.0,999.0,Outofstock,
Belt,Reversible Leather Belt with Moving Buckle,109-0403-001,0.0,999.0,Outofstock,
Wallet,Black Concealed Croco Leather Long Wallet,109-0101-041,0.0,1299.0,Outofstock,
Wallet,Muted Chocolate Leather Long Wallet,109-0101-039,0.0,1299.0,Outofstock,
Wallet,Fence Patterned Leather Long Wallet,109-0101-038,0.0,1249.0,Outofstock,
Belt,Black Leather Gear Belt,109-0401-152,0.0,1090.0,Outofstock,
Belt,Chocolate Leather Gear Belt,109-0401-127,0.0,1090.0,Outofstock,
Belt,Chocolate Leather Gear Belt,109-0401-124,0.0,1090.0,Outofstock,
Leather Bag,Sleek Maroon Executive Leather Bag,109-0301-019,0.0,4599.0,Outofstock,
Leather Bag,Dual Textured Executive Leather Bag,109-0301-016,3.0,3219.3,Instock,
Leather Bag,Croco Black Executive Leather Bag,109-0301-010,0.0,4199.0,Outofstock,
Leather Bag,Matte Maroon Executive Leather Bag,109-0301-011,0.0,4199.0,Outofstock,
Wallet,Navy Blue Leather Passport Holder,109-0303-004,4.0,616.0,Instock,
Wallet,Choco Defined Leather Passport Holder,109-0303-002,1.0,616.0,Instock,
Leather Bag,Classic Maroon Executive Leather Bag,109-0301-015,0.0,4199.0,Outofstock,
Leather Bag,Black Finish Executive Leather Bag,109-0301-014,1.0,2939.3,Instock,
Wallet,Plain Black Trifold Genuine Leather Wallet,109-0103-016,0.0,880.0,Outofstock,
Wallet,Muted Chocolate Leather Long Wallet,109-0101-034,0.0,1149.0,Outofstock,
Leather Bag,Matte Black Executive Leather Bag,109-0301-012,0.0,4199.0,Outofstock,
Wallet,Crocodile Rustic Leather Coin Pocket Long Wallet,109-0101-027,1.0,874.3,Instock,
Wallet,Crocodile Black Leather Coin Pocket Long Wallet,109-0101-025,1.0,874.3,Instock,
Wallet,Rustic Classic Leather Coin Pocket Long Wallet,109-0101-043,0.0,1299.0,Outofstock,
Wallet,Black Leather Coin Pocket Long Wallet,109-0101-037,1.0,909.3,Instock,
Wallet,Croco Pattern Leather Long Wallet,109-0101-030,0.0,1149.0,Outofstock,
Wallet,Brown Zipper Pocket Leather Long Wallet,109-0101-029,0.0,1249.0,Outofstock,
Wallet,Chocolate Coin Pocket Leather Long Wallet,109-0101-028,0.0,1299.0,Outofstock,
Wallet,Croco pattern Leather Long Wallet,109-0101-022,1.0,909.3,Instock,
Wallet,Dual Drift Brown Leather Long Wallet,109-0101-021,1.0,909.3,Instock,
Wallet,Brick Toned Leather Trifold Wallet,109-0103-012,1.0,616.0,Instock,
Wallet,Black Perforated Leather Trifold Wallet,109-0103-010,2.0,616.0,Instock,
Wallet,Dual Drift Brown Leather Long Wallet,109-0101-018,0.0,1299.0,Outofstock,
Wallet,Croco pattern Leather Long Wallet,109-0101-017,0.0,1299.0,Outofstock,
Wallet,Reddish-brown Crest Leather Long Wallet,109-0101-016,0.0,1149.0,Outofstock,
Wallet,Dual Drift Black Leather Long Wallet,109-0101-015,0.0,1249.0,Outofstock,
Wallet,Indigo Ridge Leather Long Wallet,109-0101-014,0.0,1149.0,Outofstock,
Wallet,Dual Drift Leather Long Wallet,109-0101-013,0.0,1299.0,Outofstock,
Wallet,Muted Maroon Leather Long Wallet,109-0101-012,0.0,1149.0,Outofstock,
Wallet,Rustic Classic Leather Long Wallet,109-0101-011,0.0,804.3,Outofstock,
T-Shirt,Steel River Leather Long Wallet,109-0101-010,0.0,1149.0,Outofstock,
Wallet,Crocodile Embossed Leather Long Wallet,109-0101-024,3.0,804.3,Instock,
Wallet,Crocodile Texture Leather Long Wallet,109-0101-026,1.0,874.3,Instock,
Wallet,DEEN Trifold Genuine Leather Wallet,109-0103-001,8.0,594.3,Instock,
Wallet,DEEN Bifold Leather Wallet,109-0102-027,0.0,799.0,Outofstock,
Wallet,DEEN Trifold Genuine Leather Wallet,109-0103-003,8.0,594.3,Instock,
Wallet,DEEN Trifold Genuine Leather Wallet,109-0103-002,2.0,594.3,Instock,
Wallet,DEEN Trifold Genuine Leather Wallet,109-0103-004,5.0,594.3,Instock,
Wallet,DEEN Genuine Leather Wallet,109-0102-017,0.0,799.0,Outofstock,
Belt,Black Leather Moving Belt,109-0401-176,0.0,999.0,Outofstock,
Wallet,DEEN Trifold Genuine Leather Wallet,109-0103-006,9.0,594.3,Instock,
Mask,Breathable Face Mask,109-0502-001,293.0,196.0,Instock,
Wallet,DEEN Genuine Leather Long Wallet,109-0101-006,1.0,909.3,Instock,
Wallet,DEEN Genuine Leather Long Wallet,109-0101-005,2.0,909.3,Instock,
Wallet,DEEN Genuine Leather Long Wallet,109-0101-009,0.0,1299.0,Outofstock,
Water Bottle,Durable Aluminum Water Bottle 600 ml.,109-0501-001,0.0,279.3,Outofstock,
FS Shirt,Classic Stripe Executive Formal Shirt - 3XL,102-0501-003,16.0,1490.0,Instock,3XL
FS Shirt,Classic Stripe Executive Formal Shirt - 2XL,102-0501-003,31.0,1490.0,Instock,2XL
FS Shirt,Classic Stripe Executive Formal Shirt - XL,102-0501-003,41.0,1490.0,Instock,XL
FS Shirt,Classic Stripe Executive Formal Shirt - L,102-0501-003,57.0,1490.0,Instock,L
FS Shirt,Classic Stripe Executive Formal Shirt - M,102-0501-003,27.0,1490.0,Instock,M
FS Shirt,White Print Executive Formal Shirt - 3XL,102-0501-009,4.0,1350.0,Instock,3XL
FS Shirt,White Print Executive Formal Shirt - 2XL,102-0501-009,6.0,1350.0,Instock,2XL
FS Shirt,White Print Executive Formal Shirt - XL,102-0501-009,14.0,1350.0,Instock,XL
FS Shirt,White Print Executive Formal Shirt - L,102-0501-009,22.0,1350.0,Instock,L
FS Shirt,White Print Executive Formal Shirt - M,102-0501-009,6.0,1350.0,Instock,M
T-Shirt,Blue Raven Drop Shoulder T-Shirt - 3XL,105-0301-004,3.0,840.0,Instock,3XL
T-Shirt,Blue Raven Drop Shoulder T-Shirt - 2XL,105-0301-004,12.0,840.0,Instock,2XL
T-Shirt,Blue Raven Drop Shoulder T-Shirt - XL,105-0301-004,18.0,840.0,Instock,XL
T-Shirt,Blue Raven Drop Shoulder T-Shirt - L,105-0301-004,17.0,840.0,Instock,L
T-Shirt,Blue Raven Drop Shoulder T-Shirt - M,105-0301-004,2.0,840.0,Instock,M
FS Shirt,White Executive Formal Shirt - 3XL,102-0501-007,4.0,1490.0,Instock,3XL
FS Shirt,White Executive Formal Shirt - 2XL,102-0501-007,9.0,1490.0,Instock,2XL
FS Shirt,White Executive Formal Shirt - XL,102-0501-007,16.0,1490.0,Instock,XL
FS Shirt,White Executive Formal Shirt - L,102-0501-007,19.0,1490.0,Instock,L
FS Shirt,White Executive Formal Shirt - M,102-0501-007,7.0,1490.0,Instock,M
FS Shirt,Checkmate Executive Formal Shirt - 3XL,102-0501-005,4.0,1350.0,Instock,3XL
FS Shirt,Checkmate Executive Formal Shirt - 2XL,102-0501-005,17.0,1350.0,Instock,2XL
FS Shirt,Checkmate Executive Formal Shirt - XL,102-0501-005,22.0,1350.0,Instock,XL
FS Shirt,Checkmate Executive Formal Shirt - L,102-0501-005,24.0,1350.0,Instock,L
FS Shirt,Checkmate Executive Formal Shirt - M,102-0501-005,17.0,1350.0,Instock,M
FS Shirt,White Executive Formal Shirt - 3XL,102-0501-011,13.0,1590.0,Instock,3XL
FS Shirt,White Executive Formal Shirt - 2XL,102-0501-011,22.0,1590.0,Instock,2XL
FS Shirt,White Executive Formal Shirt - XL,102-0501-011,34.0,1590.0,Instock,XL
FS Shirt,White Executive Formal Shirt - L,102-0501-011,44.0,1590.0,Instock,L
FS Shirt,White Executive Formal Shirt - M,102-0501-011,22.0,1590.0,Instock,M
T-Shirt,City Code Print Drop Shoulder T-Shirt - 3XL,105-0301-006,8.0,840.0,Instock,3XL
T-Shirt,City Code Print Drop Shoulder T-Shirt - 2XL,105-0301-006,15.0,840.0,Instock,2XL
T-Shirt,City Code Print Drop Shoulder T-Shirt - XL,105-0301-006,14.0,840.0,Instock,XL
T-Shirt,City Code Print Drop Shoulder T-Shirt - L,105-0301-006,26.0,840.0,Instock,L
T-Shirt,City Code Print Drop Shoulder T-Shirt - M,105-0301-006,5.0,840.0,Instock,M
FS Shirt,Light Blue Executive Formal Shirt - 3XL,102-0501-004,12.0,1590.0,Instock,3XL
FS Shirt,Light Blue Executive Formal Shirt - 2XL,102-0501-004,8.0,1590.0,Instock,2XL
FS Shirt,Light Blue Executive Formal Shirt - XL,102-0501-004,21.0,1590.0,Instock,XL
FS Shirt,Light Blue Executive Formal Shirt - L,102-0501-004,20.0,1590.0,Instock,L
FS Shirt,Light Blue Executive Formal Shirt - M,102-0501-004,13.0,1590.0,Instock,M
T-Shirt,Cabbage Relaxed Graphic Tank Top - 3XL,105-0401-007,0.0,590.0,Outofstock,3XL
T-Shirt,Cabbage Relaxed Graphic Tank Top - 2XL,105-0401-007,2.0,590.0,Instock,2XL
T-Shirt,Cabbage Relaxed Graphic Tank Top - XL,105-0401-007,60.0,590.0,Instock,XL
T-Shirt,Cabbage Relaxed Graphic Tank Top - L,105-0401-007,61.0,590.0,Instock,L
T-Shirt,Cabbage Relaxed Graphic Tank Top - M,105-0401-007,0.0,590.0,Outofstock,M
T-Shirt,Burgundy Relaxed Graphic Tank Top - 3XL,105-0401-006,0.0,540.0,Outofstock,3XL
T-Shirt,Burgundy Relaxed Graphic Tank Top - 2XL,105-0401-006,12.0,540.0,Instock,2XL
T-Shirt,Burgundy Relaxed Graphic Tank Top - XL,105-0401-006,14.0,540.0,Instock,XL
T-Shirt,Burgundy Relaxed Graphic Tank Top - L,105-0401-006,43.0,540.0,Instock,L
T-Shirt,Burgundy Relaxed Graphic Tank Top - M,105-0401-006,19.0,540.0,Instock,M
T-Shirt,Grey Relaxed Graphic Tank Top - 3XL,105-0401-003,11.0,590.0,Instock,3XL
T-Shirt,Grey Relaxed Graphic Tank Top - 2XL,105-0401-003,31.0,590.0,Instock,2XL
T-Shirt,Grey Relaxed Graphic Tank Top - XL,105-0401-003,29.0,590.0,Instock,XL
T-Shirt,Grey Relaxed Graphic Tank Top - L,105-0401-003,58.0,590.0,Instock,L
T-Shirt,Grey Relaxed Graphic Tank Top - M,105-0401-003,31.0,590.0,Instock,M
Panjabi,Embroidered Cotton Panjabi - 44,106-0101-065,0.0,999.0,Outofstock,44
Panjabi,Embroidered Cotton Panjabi - 42,106-0101-065,0.0,999.0,Outofstock,42
Panjabi,Embroidered Cotton Panjabi - 40,106-0101-065,0.0,999.0,Outofstock,40
T-Shirt,Sable Relaxed Graphic Tank Top - 3XL,105-0401-005,8.0,540.0,Instock,3XL
T-Shirt,Sable Relaxed Graphic Tank Top - 2XL,105-0401-005,25.0,540.0,Instock,2XL
T-Shirt,Sable Relaxed Graphic Tank Top - XL,105-0401-005,27.0,540.0,Instock,XL
T-Shirt,Sable Relaxed Graphic Tank Top - L,105-0401-005,49.0,540.0,Instock,L
T-Shirt,Sable Relaxed Graphic Tank Top - M,105-0401-005,17.0,540.0,Instock,M
FS Shirt,Mid Blue Denim Shirt - Double Pocket - 3XL,102-0402-036,0.0,630.0,Outofstock,3XL
FS Shirt,Mid Blue Denim Shirt - Double Pocket - 2XL,102-0402-036,0.0,630.0,Outofstock,2XL
FS Shirt,Mid Blue Denim Shirt - Double Pocket - XL,102-0402-036,0.0,630.0,Outofstock,XL
FS Shirt,Mid Blue Denim Shirt - Double Pocket - L,102-0402-036,0.0,630.0,Outofstock,L
FS Shirt,Mid Blue Denim Shirt - Double Pocket - M,102-0402-036,0.0,630.0,Outofstock,M
T-Shirt,Full Sleeve Side-Stripe T-shirt - 3XL,105-0201-037,23.0,364.0,Instock,3XL
T-Shirt,Full Sleeve Side-Stripe T-shirt - 2XL,105-0201-037,7.0,364.0,Instock,2XL
T-Shirt,Full Sleeve Side-Stripe T-shirt - XL,105-0201-037,32.0,364.0,Instock,XL
T-Shirt,Full Sleeve Side-Stripe T-shirt - L,105-0201-037,20.0,364.0,Instock,L
T-Shirt,Full Sleeve Side-Stripe T-shirt - M,105-0201-037,3.0,364.0,Instock,M
T-Shirt,Glacier Relaxed Graphic Tank Top - 3XL,105-0401-002,6.0,540.0,Instock,3XL
T-Shirt,Glacier Relaxed Graphic Tank Top - 2XL,105-0401-002,4.0,540.0,Instock,2XL
T-Shirt,Glacier Relaxed Graphic Tank Top - XL,105-0401-002,7.0,540.0,Instock,XL
T-Shirt,Glacier Relaxed Graphic Tank Top - L,105-0401-002,19.0,540.0,Instock,L
T-Shirt,Glacier Relaxed Graphic Tank Top - M,105-0401-002,10.0,540.0,Instock,M
T-Shirt,Earth Hemp T-shirt - 3XL,105-0101-375,29.0,590.0,Instock,3XL
T-Shirt,Earth Hemp T-shirt - 2XL,105-0101-375,25.0,590.0,Instock,2XL
T-Shirt,Earth Hemp T-shirt - XL,105-0101-375,59.0,590.0,Instock,XL
T-Shirt,Earth Hemp T-shirt - L,105-0101-375,58.0,590.0,Instock,L
T-Shirt,Earth Hemp T-shirt - M,105-0101-375,1.0,590.0,Instock,M
Jeans,Grey Jeans - Slim Fit - 38,101-0100-134,0.0,795.0,Outofstock,38
Jeans,Grey Jeans - Slim Fit - 36,101-0100-134,1.0,795.0,Instock,36
Jeans,Grey Jeans - Slim Fit - 34,101-0100-134,0.0,795.0,Outofstock,34
Jeans,Grey Jeans - Slim Fit - 32,101-0100-134,0.0,795.0,Outofstock,32
Jeans,Grey Jeans - Slim Fit - 30,101-0100-134,15.0,795.0,Instock,30
Jeans,Grey Jeans - Slim Fit - 28,101-0100-134,47.0,795.0,Instock,28
FS Shirt,Dark Blue Denim Shirt- Double Pocket - 3XL,102-0402-035,3.0,630.0,Instock,3XL
FS Shirt,Dark Blue Denim Shirt- Double Pocket - 2XL,102-0402-035,19.0,630.0,Instock,2XL
FS Shirt,Dark Blue Denim Shirt- Double Pocket - XL,102-0402-035,75.0,630.0,Instock,XL
FS Shirt,Dark Blue Denim Shirt- Double Pocket - L,102-0402-035,0.0,630.0,Outofstock,L
FS Shirt,Dark Blue Denim Shirt- Double Pocket - M,102-0402-035,0.0,630.0,Outofstock,M
T-Shirt,Full Sleeve Graphic T-shirt - 3XL,105-0201-036,8.0,364.0,Instock,3XL
T-Shirt,Full Sleeve Graphic T-shirt - 2XL,105-0201-036,9.0,364.0,Instock,2XL
T-Shirt,Full Sleeve Graphic T-shirt - XL,105-0201-036,18.0,364.0,Instock,XL
T-Shirt,Full Sleeve Graphic T-shirt - L,105-0201-036,1.0,364.0,Instock,L
T-Shirt,Full Sleeve Graphic T-shirt - M,105-0201-036,3.0,364.0,Instock,M
T-Shirt,Full Sleeve Color-Block T-shirt - 3XL,105-0201-030,19.0,364.0,Instock,3XL
T-Shirt,Full Sleeve Color-Block T-shirt - 2XL,105-0201-030,22.0,364.0,Instock,2XL
T-Shirt,Full Sleeve Color-Block T-shirt - XL,105-0201-030,31.0,364.0,Instock,XL
T-Shirt,Full Sleeve Color-Block T-shirt - L,105-0201-030,22.0,364.0,Instock,L
T-Shirt,Full Sleeve Color-Block T-shirt - M,105-0201-030,3.0,364.0,Instock,M
T-Shirt,Full Sleeve White Stripe T-shirt - 3XL,105-0201-032,22.0,364.0,Instock,3XL
T-Shirt,Full Sleeve White Stripe T-shirt - 2XL,105-0201-032,17.0,364.0,Instock,2XL
T-Shirt,Full Sleeve White Stripe T-shirt - XL,105-0201-032,27.0,364.0,Instock,XL
T-Shirt,Full Sleeve White Stripe T-shirt - L,105-0201-032,17.0,364.0,Instock,L
T-Shirt,Full Sleeve White Stripe T-shirt - M,105-0201-032,2.0,364.0,Instock,M
T-Shirt,Full Sleeve Maroon Panel T-shirt - 3XL,105-0201-035,13.0,364.0,Instock,3XL
T-Shirt,Full Sleeve Maroon Panel T-shirt - 2XL,105-0201-035,14.0,364.0,Instock,2XL
T-Shirt,Full Sleeve Maroon Panel T-shirt - XL,105-0201-035,13.0,364.0,Instock,XL
T-Shirt,Full Sleeve Maroon Panel T-shirt - L,105-0201-035,11.0,364.0,Instock,L
T-Shirt,Full Sleeve Maroon Panel T-shirt - M,105-0201-035,0.0,364.0,Outofstock,M
T-Shirt,Full Sleeve Neon Stripe T-shirt - 3XL,105-0201-033,23.0,364.0,Instock,3XL
T-Shirt,Full Sleeve Neon Stripe T-shirt - 2XL,105-0201-033,16.0,364.0,Instock,2XL
T-Shirt,Full Sleeve Neon Stripe T-shirt - XL,105-0201-033,54.0,364.0,Instock,XL
T-Shirt,Full Sleeve Neon Stripe T-shirt - L,105-0201-033,38.0,364.0,Instock,L
T-Shirt,Full Sleeve Neon Stripe T-shirt - M,105-0201-033,14.0,364.0,Instock,M
T-Shirt,Full Sleeve Mustard StripeT-shirt - 3XL,105-0201-034,32.0,364.0,Instock,3XL
T-Shirt,Full Sleeve Mustard StripeT-shirt - 2XL,105-0201-034,25.0,364.0,Instock,2XL
T-Shirt,Full Sleeve Mustard StripeT-shirt - XL,105-0201-034,56.0,364.0,Instock,XL
T-Shirt,Full Sleeve Mustard StripeT-shirt - L,105-0201-034,42.0,364.0,Instock,L
T-Shirt,Full Sleeve Mustard StripeT-shirt - M,105-0201-034,17.0,364.0,Instock,M
FS Shirt,Soft Grey Minimal Plaid Flannel Shirt - 3XL,102-0302-056,0.0,475.0,Outofstock,3XL
FS Shirt,Soft Grey Minimal Plaid Flannel Shirt - 2XL,102-0302-056,0.0,475.0,Outofstock,2XL
FS Shirt,Soft Grey Minimal Plaid Flannel Shirt - XL,102-0302-056,0.0,475.0,Outofstock,XL
FS Shirt,Soft Grey Minimal Plaid Flannel Shirt - L,102-0302-056,2.0,475.0,Instock,L
FS Shirt,Soft Grey Minimal Plaid Flannel Shirt - M,102-0302-056,0.0,475.0,Outofstock,M
T-Shirt,Full Sleeve Trio-Tone T-shirt - 3XL,105-0201-031,21.0,364.0,Instock,3XL
T-Shirt,Full Sleeve Trio-Tone T-shirt - 2XL,105-0201-031,31.0,364.0,Instock,2XL
T-Shirt,Full Sleeve Trio-Tone T-shirt - XL,105-0201-031,45.0,364.0,Instock,XL
T-Shirt,Full Sleeve Trio-Tone T-shirt - L,105-0201-031,41.0,364.0,Instock,L
T-Shirt,Full Sleeve Trio-Tone T-shirt - M,105-0201-031,19.0,364.0,Instock,M
T-Shirt,Full Sleeve Black T-shirt - 3XL,105-0201-029,20.0,364.0,Instock,3XL
T-Shirt,Full Sleeve Black T-shirt - 2XL,105-0201-029,19.0,364.0,Instock,2XL
T-Shirt,Full Sleeve Black T-shirt - XL,105-0201-029,32.0,364.0,Instock,XL
T-Shirt,Full Sleeve Black T-shirt - L,105-0201-029,25.0,364.0,Instock,L
T-Shirt,Full Sleeve Black T-shirt - M,105-0201-029,1.0,364.0,Instock,M
FS Shirt,Forest Heritage Plaid Flannel Shirt - 3XL,102-0302-049,0.0,474.0,Outofstock,3XL
FS Shirt,Forest Heritage Plaid Flannel Shirt - 2XL,102-0302-049,3.0,474.0,Instock,2XL
FS Shirt,Forest Heritage Plaid Flannel Shirt - XL,102-0302-049,0.0,474.0,Outofstock,XL
FS Shirt,Forest Heritage Plaid Flannel Shirt - L,102-0302-049,6.0,474.0,Instock,L
FS Shirt,Forest Heritage Plaid Flannel Shirt - M,102-0302-049,0.0,474.0,Outofstock,M
FS Shirt,Pearl White Checker Plaid Flannel Shirt - 3XL,102-0302-054,0.0,499.0,Outofstock,3XL
FS Shirt,Pearl White Checker Plaid Flannel Shirt - 2XL,102-0302-054,4.0,499.0,Instock,2XL
FS Shirt,Pearl White Checker Plaid Flannel Shirt - XL,102-0302-054,1.0,499.0,Instock,XL
FS Shirt,Pearl White Checker Plaid Flannel Shirt - L,102-0302-054,8.0,499.0,Instock,L
FS Shirt,Pearl White Checker Plaid Flannel Shirt - M,102-0302-054,0.0,499.0,Outofstock,M
FS Shirt,Ivory Brown Windowpane Flannel Shirt - 3XL,102-0302-053,0.0,474.0,Outofstock,3XL
FS Shirt,Ivory Brown Windowpane Flannel Shirt - 2XL,102-0302-053,0.0,474.0,Outofstock,2XL
FS Shirt,Ivory Brown Windowpane Flannel Shirt - XL,102-0302-053,0.0,474.0,Outofstock,XL
FS Shirt,Ivory Brown Windowpane Flannel Shirt - L,102-0302-053,1.0,474.0,Instock,L
FS Shirt,Ivory Brown Windowpane Flannel Shirt - M,102-0302-053,0.0,474.0,Outofstock,M
FS Shirt,Mint Green Classic Plaid Flannel Shirt - 3XL,102-0302-046,0.0,545.0,Outofstock,3XL
FS Shirt,Mint Green Classic Plaid Flannel Shirt - 2XL,102-0302-046,0.0,545.0,Outofstock,2XL
FS Shirt,Mint Green Classic Plaid Flannel Shirt - XL,102-0302-046,0.0,545.0,Outofstock,XL
FS Shirt,Mint Green Classic Plaid Flannel Shirt - L,102-0302-046,0.0,545.0,Outofstock,L
FS Shirt,Mint Green Classic Plaid Flannel Shirt - M,102-0302-046,0.0,545.0,Outofstock,M
FS Shirt,Charcoal Grey Plaid Flannel Shirt - 3XL,102-0302-047,0.0,499.0,Outofstock,3XL
FS Shirt,Charcoal Grey Plaid Flannel Shirt - 2XL,102-0302-047,0.0,499.0,Outofstock,2XL
FS Shirt,Charcoal Grey Plaid Flannel Shirt - XL,102-0302-047,0.0,499.0,Outofstock,XL
FS Shirt,Charcoal Grey Plaid Flannel Shirt - L,102-0302-047,0.0,499.0,Outofstock,L
FS Shirt,Charcoal Grey Plaid Flannel Shirt - M,102-0302-047,0.0,499.0,Outofstock,M
Turtle-Neck,Lavender Full Sleeve Turtleneck T-shirt - 3XL,105-0202-006,3.0,349.0,Instock,3XL
Turtle-Neck,Lavender Full Sleeve Turtleneck T-shirt - 2XL,105-0202-006,12.0,349.0,Instock,2XL
Turtle-Neck,Lavender Full Sleeve Turtleneck T-shirt - XL,105-0202-006,7.0,349.0,Instock,XL
Turtle-Neck,Lavender Full Sleeve Turtleneck T-shirt - L,105-0202-006,14.0,349.0,Instock,L
Turtle-Neck,Lavender Full Sleeve Turtleneck T-shirt - M,105-0202-006,3.0,349.0,Instock,M
Turtle-Neck,White Full Sleeve Turtleneck T-shirt - 3XL,105-0202-002,0.0,349.0,Outofstock,3XL
Turtle-Neck,White Full Sleeve Turtleneck T-shirt - 2XL,105-0202-002,6.0,349.0,Instock,2XL
Turtle-Neck,White Full Sleeve Turtleneck T-shirt - XL,105-0202-002,1.0,349.0,Instock,XL
Turtle-Neck,White Full Sleeve Turtleneck T-shirt - L,105-0202-002,10.0,349.0,Instock,L
Turtle-Neck,White Full Sleeve Turtleneck T-shirt - M,105-0202-002,0.0,349.0,Outofstock,M
Turtle-Neck,Choco Full Sleeve Turtleneck T-shirt - 3XL,105-0202-005,6.0,349.0,Instock,3XL
Turtle-Neck,Choco Full Sleeve Turtleneck T-shirt - 2XL,105-0202-005,19.0,349.0,Instock,2XL
Turtle-Neck,Choco Full Sleeve Turtleneck T-shirt - XL,105-0202-005,19.0,349.0,Instock,XL
Turtle-Neck,Choco Full Sleeve Turtleneck T-shirt - L,105-0202-005,7.0,349.0,Instock,L
Turtle-Neck,Choco Full Sleeve Turtleneck T-shirt - M,105-0202-005,2.0,349.0,Instock,M
T-Shirt,Steel Blue Fine Check Flannel Shirt - 3XL,102-0302-055,0.0,495.0,Outofstock,3XL
T-Shirt,Steel Blue Fine Check Flannel Shirt - 2XL,102-0302-055,0.0,495.0,Outofstock,2XL
T-Shirt,Steel Blue Fine Check Flannel Shirt - XL,102-0302-055,0.0,495.0,Outofstock,XL
T-Shirt,Steel Blue Fine Check Flannel Shirt - L,102-0302-055,0.0,495.0,Outofstock,L
T-Shirt,Steel Blue Fine Check Flannel Shirt - M,102-0302-055,0.0,495.0,Outofstock,M
Sweatshirt,Teal Sweatshirt in French-Terry - 3XL,108-0101-014,8.0,494.0,Instock,3XL
Sweatshirt,Teal Sweatshirt in French-Terry - 2XL,108-0101-014,23.0,494.0,Instock,2XL
Sweatshirt,Teal Sweatshirt in French-Terry - XL,108-0101-014,20.0,494.0,Instock,XL
Sweatshirt,Teal Sweatshirt in French-Terry - L,108-0101-014,30.0,494.0,Instock,L
Sweatshirt,Teal Sweatshirt in French-Terry - M,108-0101-014,10.0,494.0,Instock,M
Sweatshirt,Brown Sweatshirt in French-Terry - 3XL,108-0101-013,15.0,494.0,Instock,3XL
Sweatshirt,Brown Sweatshirt in French-Terry - 2XL,108-0101-013,20.0,494.0,Instock,2XL
Sweatshirt,Brown Sweatshirt in French-Terry - XL,108-0101-013,12.0,494.0,Instock,XL
Sweatshirt,Brown Sweatshirt in French-Terry - L,108-0101-013,30.0,494.0,Instock,L
Sweatshirt,Brown Sweatshirt in French-Terry - M,108-0101-013,10.0,494.0,Instock,M
Trousers,Teal Trousers - 2XL,110-0101-015,30.0,499.0,Instock,2XL
Trousers,Teal Trousers - XL,110-0101-015,62.0,499.0,Instock,XL
Trousers,Teal Trousers - L,110-0101-015,102.0,499.0,Instock,L
Trousers,Teal Trousers - M,110-0101-015,15.0,499.0,Instock,M
Trousers,Choco Trousers - 2XL,110-0101-014,4.0,499.0,Instock,2XL
Trousers,Choco Trousers - XL,110-0101-014,18.0,499.0,Instock,XL
Trousers,Choco Trousers - L,110-0101-014,35.0,499.0,Instock,L
Trousers,Choco Trousers - M,110-0101-014,0.0,499.0,Outofstock,M
Trousers,Off-white Trousers - 2XL,110-0101-008,26.0,499.0,Instock,2XL
Trousers,Off-white Trousers - XL,110-0101-008,34.0,499.0,Instock,XL
Trousers,Off-white Trousers - L,110-0101-008,75.0,499.0,Instock,L
Trousers,Off-white Trousers - M,110-0101-008,3.0,499.0,Instock,M
Trousers,Brown Trousers - 2XL,110-0101-012,31.0,499.0,Instock,2XL
Trousers,Brown Trousers - XL,110-0101-012,62.0,499.0,Instock,XL
Trousers,Brown Trousers - L,110-0101-012,111.0,499.0,Instock,L
Trousers,Brown Trousers - M,110-0101-012,22.0,499.0,Instock,M
Trousers,Sky Blue Trousers - 2XL,110-0101-010,34.0,499.0,Instock,2XL
Trousers,Sky Blue Trousers - XL,110-0101-010,62.0,499.0,Instock,XL
Trousers,Sky Blue Trousers - L,110-0101-010,126.0,499.0,Instock,L
Trousers,Sky Blue Trousers - M,110-0101-010,31.0,499.0,Instock,M
Trousers,Green Trousers - 2XL,110-0101-011,13.0,499.0,Instock,2XL
Trousers,Green Trousers - XL,110-0101-011,26.0,499.0,Instock,XL
Trousers,Green Trousers - L,110-0101-011,71.0,499.0,Instock,L
Trousers,Green Trousers - M,110-0101-011,23.0,499.0,Instock,M
Sweatshirt,Bottle Green Sweatshirt in French-Terry - 3XL,108-0101-008,0.0,494.0,Outofstock,3XL
Sweatshirt,Bottle Green Sweatshirt in French-Terry - 2XL,108-0101-008,7.0,494.0,Instock,2XL
Sweatshirt,Bottle Green Sweatshirt in French-Terry - XL,108-0101-008,2.0,494.0,Instock,XL
Sweatshirt,Bottle Green Sweatshirt in French-Terry - L,108-0101-008,8.0,494.0,Instock,L
Sweatshirt,Bottle Green Sweatshirt in French-Terry - M,108-0101-008,17.0,494.0,Instock,M
Sweatshirt,Choco Sweatshirt in French-Terry - 3XL,108-0101-011,6.0,494.0,Instock,3XL
Sweatshirt,Choco Sweatshirt in French-Terry - 2XL,108-0101-011,3.0,494.0,Instock,2XL
Sweatshirt,Choco Sweatshirt in French-Terry - XL,108-0101-011,0.0,494.0,Outofstock,XL
Sweatshirt,Choco Sweatshirt in French-Terry - L,108-0101-011,3.0,494.0,Instock,L
Sweatshirt,Choco Sweatshirt in French-Terry - M,108-0101-011,1.0,494.0,Instock,M
Trousers,Maroon Trousers - 2XL,110-0101-013,32.0,499.0,Instock,2XL
Trousers,Maroon Trousers - XL,110-0101-013,74.0,499.0,Instock,XL
Trousers,Maroon Trousers - L,110-0101-013,103.0,499.0,Instock,L
Trousers,Maroon Trousers - M,110-0101-013,20.0,499.0,Instock,M
Polo Shirt,Black Polo Shirt in Cotton Pique - 3XL,103-0200-099,0.0,399.0,Outofstock,3XL
Polo Shirt,Black Polo Shirt in Cotton Pique - 2XL,103-0200-099,0.0,399.0,Outofstock,2XL
Polo Shirt,Black Polo Shirt in Cotton Pique - XL,103-0200-099,0.0,399.0,Outofstock,XL
Polo Shirt,Black Polo Shirt in Cotton Pique - L,103-0200-099,0.0,399.0,Outofstock,L
Polo Shirt,Black Polo Shirt in Cotton Pique - M,103-0200-099,0.0,399.0,Outofstock,M
Sweatshirt,Maroon Sweatshirt in French-Terry - 3XL,108-0101-009,19.0,494.0,Instock,3XL
Sweatshirt,Maroon Sweatshirt in French-Terry - 2XL,108-0101-009,16.0,494.0,Instock,2XL
Sweatshirt,Maroon Sweatshirt in French-Terry - XL,108-0101-009,21.0,494.0,Instock,XL
Sweatshirt,Maroon Sweatshirt in French-Terry - L,108-0101-009,25.0,494.0,Instock,L
Sweatshirt,Maroon Sweatshirt in French-Terry - M,108-0101-009,7.0,494.0,Instock,M
Polo Shirt,White Polo Shirt in Cotton Pique - 3XL,103-0200-098,1.0,399.0,Instock,3XL
Polo Shirt,White Polo Shirt in Cotton Pique - 2XL,103-0200-098,7.0,399.0,Instock,2XL
Polo Shirt,White Polo Shirt in Cotton Pique - XL,103-0200-098,0.0,399.0,Outofstock,XL
Polo Shirt,White Polo Shirt in Cotton Pique - L,103-0200-098,0.0,399.0,Outofstock,L
Polo Shirt,White Polo Shirt in Cotton Pique - M,103-0200-098,0.0,399.0,Outofstock,M
Boxer,Gray Boxer Brief - 2XL,107-0100-050,0.0,174.5,Outofstock,2XL
Boxer,Gray Boxer Brief - XL,107-0100-050,0.0,174.5,Outofstock,XL
Boxer,Gray Boxer Brief - L,107-0100-050,0.0,174.5,Outofstock,L
Boxer,Gray Boxer Brief - M,107-0100-050,0.0,174.5,Outofstock,M
Polo Shirt,Brown Polo Shirt in Cotton Blend - 3XL,103-0100-105,0.0,424.0,Outofstock,3XL
Polo Shirt,Brown Polo Shirt in Cotton Blend - 2XL,103-0100-105,0.0,424.0,Outofstock,2XL
Polo Shirt,Brown Polo Shirt in Cotton Blend - XL,103-0100-105,0.0,424.0,Outofstock,XL
Polo Shirt,Brown Polo Shirt in Cotton Blend - L,103-0100-105,0.0,424.0,Outofstock,L
Polo Shirt,Brown Polo Shirt in Cotton Blend - M,103-0100-105,0.0,424.0,Outofstock,M
Boxer,Navy Boxer Brief - 2XL,107-0100-052,7.0,296.65,Instock,2XL
Boxer,Navy Boxer Brief - XL,107-0100-052,7.0,296.65,Instock,XL
Boxer,Navy Boxer Brief - L,107-0100-052,0.0,296.65,Outofstock,L
Boxer,Navy Boxer Brief - M,107-0100-052,73.0,296.65,Instock,M
Panjabi,Embroidered Cotton Panjabi - 46,106-0101-032,0.0,1099.0,Outofstock,46
Panjabi,Embroidered Cotton Panjabi - 44,106-0101-032,0.0,1099.0,Outofstock,44
Panjabi,Embroidered Cotton Panjabi - 42,106-0101-032,0.0,1099.0,Outofstock,42
Panjabi,Embroidered Cotton Panjabi - 40,106-0101-032,0.0,1099.0,Outofstock,40
Boxer,Cool Aqua Boxer Brief - 2XL,107-0100-051,69.0,296.65,Instock,2XL
Boxer,Cool Aqua Boxer Brief - XL,107-0100-051,58.0,296.65,Instock,XL
Boxer,Cool Aqua Boxer Brief - L,107-0100-051,9.0,296.65,Instock,L
Boxer,Cool Aqua Boxer Brief - M,107-0100-051,16.0,296.65,Instock,M
Panjabi,Embroidered Cotton Panjabi - 46,106-0101-031,0.0,1099.0,Outofstock,46
Panjabi,Embroidered Cotton Panjabi - 44,106-0101-031,0.0,1099.0,Outofstock,44
Panjabi,Embroidered Cotton Panjabi - 42,106-0101-031,0.0,1099.0,Outofstock,42
Panjabi,Embroidered Cotton Panjabi - 40,106-0101-031,0.0,1099.0,Outofstock,40
FS Shirt,Rustic Tartan Flannel Shirt - 3XL,102-0302-045,3.0,474.0,Instock,3XL
FS Shirt,Rustic Tartan Flannel Shirt - 2XL,102-0302-045,0.0,474.0,Outofstock,2XL
FS Shirt,Rustic Tartan Flannel Shirt - XL,102-0302-045,0.0,474.0,Outofstock,XL
FS Shirt,Rustic Tartan Flannel Shirt - L,102-0302-045,0.0,474.0,Outofstock,L
FS Shirt,Rustic Tartan Flannel Shirt - M,102-0302-045,0.0,474.0,Outofstock,M
FS Shirt,Light Blue Denim Shirt - 3XL,102-0402-033,0.0,499.0,Outofstock,3XL
FS Shirt,Light Blue Denim Shirt - 2XL,102-0402-033,0.0,499.0,Outofstock,2XL
FS Shirt,Light Blue Denim Shirt - XL,102-0402-033,0.0,499.0,Outofstock,XL
FS Shirt,Light Blue Denim Shirt - L,102-0402-033,0.0,499.0,Outofstock,L
FS Shirt,Light Blue Denim Shirt - M,102-0402-033,0.0,499.0,Outofstock,M
Panjabi,Embroidered Cotton Panjabi - 46,106-0101-071,0.0,1099.0,Outofstock,46
Panjabi,Embroidered Cotton Panjabi - 44,106-0101-071,0.0,1099.0,Outofstock,44
Panjabi,Embroidered Cotton Panjabi - 42,106-0101-071,0.0,1099.0,Outofstock,42
Panjabi,Embroidered Cotton Panjabi - 40,106-0101-071,0.0,1099.0,Outofstock,40
FS Shirt,Dark Blue Denim Shirt - 3XL,102-0402-032,11.0,474.0,Instock,3XL
FS Shirt,Dark Blue Denim Shirt - 2XL,102-0402-032,38.0,474.0,Instock,2XL
FS Shirt,Dark Blue Denim Shirt - XL,102-0402-032,49.0,474.0,Instock,XL
FS Shirt,Dark Blue Denim Shirt - L,102-0402-032,61.0,474.0,Instock,L
FS Shirt,Dark Blue Denim Shirt - M,102-0402-032,13.0,474.0,Instock,M
FS Shirt,Navy Classic Flannel Shirt - 3XL,102-0302-038,0.0,499.0,Outofstock,3XL
FS Shirt,Navy Classic Flannel Shirt - 2XL,102-0302-038,0.0,499.0,Outofstock,2XL
FS Shirt,Navy Classic Flannel Shirt - XL,102-0302-038,0.0,499.0,Outofstock,XL
FS Shirt,Navy Classic Flannel Shirt - L,102-0302-038,0.0,499.0,Outofstock,L
FS Shirt,Navy Classic Flannel Shirt - M,102-0302-038,0.0,499.0,Outofstock,M
FS Shirt,Golden Wheat Flannel Shirt - 3XL,102-0302-042,0.0,499.0,Outofstock,3XL
FS Shirt,Golden Wheat Flannel Shirt - 2XL,102-0302-042,0.0,499.0,Outofstock,2XL
FS Shirt,Golden Wheat Flannel Shirt - XL,102-0302-042,0.0,499.0,Outofstock,XL
FS Shirt,Golden Wheat Flannel Shirt - L,102-0302-042,0.0,499.0,Outofstock,L
FS Shirt,Golden Wheat Flannel Shirt - M,102-0302-042,0.0,499.0,Outofstock,M
Panjabi,Embroidered Cotton Panjabi - 44,106-0101-079,0.0,1258.6,Outofstock,44
Panjabi,Embroidered Cotton Panjabi - 42,106-0101-079,0.0,1258.6,Outofstock,42
Panjabi,Embroidered Cotton Panjabi - 40,106-0101-079,0.0,1258.6,Outofstock,40
T-Shirt,Black Versatile Active Wear - 3XL,111-0101-003,0.0,274.0,Outofstock,3XL
T-Shirt,Black Versatile Active Wear - 2XL,111-0101-003,0.0,274.0,Outofstock,2XL
T-Shirt,Black Versatile Active Wear - XL,111-0101-003,0.0,274.0,Outofstock,XL
T-Shirt,Black Versatile Active Wear - L,111-0101-003,0.0,274.0,Outofstock,L
T-Shirt,Black Versatile Active Wear - M,111-0101-003,0.0,274.0,Outofstock,M
T-Shirt,Ash Versatile Active Wear - 3XL,111-0101-002,0.0,274.0,Outofstock,3XL
T-Shirt,Ash Versatile Active Wear - 2XL,111-0101-002,0.0,274.0,Outofstock,2XL
T-Shirt,Ash Versatile Active Wear - XL,111-0101-002,0.0,274.0,Outofstock,XL
T-Shirt,Ash Versatile Active Wear - L,111-0101-002,0.0,274.0,Outofstock,L
T-Shirt,Ash Versatile Active Wear - M,111-0101-002,3.0,274.0,Instock,M
FS Shirt,Navy Heritage Flannel Shirt - 3XL,102-0302-043,0.0,474.0,Outofstock,3XL
FS Shirt,Navy Heritage Flannel Shirt - 2XL,102-0302-043,0.0,474.0,Outofstock,2XL
FS Shirt,Navy Heritage Flannel Shirt - XL,102-0302-043,0.0,474.0,Outofstock,XL
FS Shirt,Navy Heritage Flannel Shirt - L,102-0302-043,0.0,474.0,Outofstock,L
FS Shirt,Navy Heritage Flannel Shirt - M,102-0302-043,0.0,474.0,Outofstock,M
Panjabi,Embroidered Cotton Panjabi - 44,106-0101-064,0.0,1538.6,Outofstock,44
Panjabi,Embroidered Cotton Panjabi - 42,106-0101-064,0.0,1538.6,Outofstock,42
Panjabi,Embroidered Cotton Panjabi - 40,106-0101-064,0.0,1538.6,Outofstock,40
FS Shirt,Sand Beige Plaid Flannel Shirt - 3XL,102-0302-036,0.0,499.0,Outofstock,3XL
FS Shirt,Sand Beige Plaid Flannel Shirt - 2XL,102-0302-036,0.0,499.0,Outofstock,2XL
FS Shirt,Sand Beige Plaid Flannel Shirt - XL,102-0302-036,0.0,499.0,Outofstock,XL
FS Shirt,Sand Beige Plaid Flannel Shirt - L,102-0302-036,0.0,499.0,Outofstock,L
FS Shirt,Sand Beige Plaid Flannel Shirt - M,102-0302-036,0.0,499.0,Outofstock,M
Panjabi,Embroidered Cotton Panjabi - 46,106-0101-088,0.0,1764.0,Outofstock,46
Panjabi,Embroidered Cotton Panjabi - 44,106-0101-088,0.0,1764.0,Outofstock,44
Panjabi,Embroidered Cotton Panjabi - 42,106-0101-088,0.0,1764.0,Outofstock,42
Panjabi,Embroidered Cotton Panjabi - 40,106-0101-088,0.0,1764.0,Outofstock,40
T-Shirt,Grey Versatile Active Wear - 3XL,111-0101-001,-2.0,274.0,Outofstock,3XL
T-Shirt,Grey Versatile Active Wear - 2XL,111-0101-001,0.0,274.0,Outofstock,2XL
T-Shirt,Grey Versatile Active Wear - XL,111-0101-001,0.0,274.0,Outofstock,XL
T-Shirt,Grey Versatile Active Wear - L,111-0101-001,0.0,274.0,Outofstock,L
T-Shirt,Grey Versatile Active Wear - M,111-0101-001,1.0,274.0,Instock,M
HS Shirt,Charcoal Contrast Stitch Shirt - Regular Fit - 3XL,102-0102-040,0.0,449.0,Outofstock,3XL
HS Shirt,Charcoal Contrast Stitch Shirt - Regular Fit - 2XL,102-0102-040,0.0,449.0,Outofstock,2XL
HS Shirt,Charcoal Contrast Stitch Shirt - Regular Fit - XL,102-0102-040,0.0,449.0,Outofstock,XL
HS Shirt,Charcoal Contrast Stitch Shirt - Regular Fit - L,102-0102-040,6.0,449.0,Instock,L
HS Shirt,Charcoal Contrast Stitch Shirt - Regular Fit - M,102-0102-040,9.0,449.0,Instock,M
Polo Shirt,Grey Stripe Pique Polo Shirt - 3XL,103-0100-113,0.0,299.4,Outofstock,3XL
Polo Shirt,Grey Stripe Pique Polo Shirt - 2XL,103-0100-113,0.0,299.4,Outofstock,2XL
Polo Shirt,Grey Stripe Pique Polo Shirt - XL,103-0100-113,0.0,299.4,Outofstock,XL
Polo Shirt,Grey Stripe Pique Polo Shirt - L,103-0100-113,0.0,299.4,Outofstock,L
Polo Shirt,Grey Stripe Pique Polo Shirt - M,103-0100-113,0.0,299.4,Outofstock,M
HS Shirt,Ash Contrast Stitch Shirt - Regular Fit - 3XL,102-0102-036,2.0,449.0,Instock,3XL
HS Shirt,Ash Contrast Stitch Shirt - Regular Fit - 2XL,102-0102-036,3.0,449.0,Instock,2XL
HS Shirt,Ash Contrast Stitch Shirt - Regular Fit - XL,102-0102-036,0.0,449.0,Outofstock,XL
HS Shirt,Ash Contrast Stitch Shirt - Regular Fit - L,102-0102-036,0.0,449.0,Outofstock,L
HS Shirt,Ash Contrast Stitch Shirt - Regular Fit - M,102-0102-036,8.0,449.0,Instock,M
T-Shirt,Dark Ash Versatile Active Wear - 3XL,111-0101-005,5.0,274.0,Instock,3XL
T-Shirt,Dark Ash Versatile Active Wear - 2XL,111-0101-005,13.0,274.0,Instock,2XL
T-Shirt,Dark Ash Versatile Active Wear - XL,111-0101-005,0.0,274.0,Outofstock,XL
T-Shirt,Dark Ash Versatile Active Wear - L,111-0101-005,0.0,274.0,Outofstock,L
T-Shirt,Dark Ash Versatile Active Wear - M,111-0101-005,15.0,274.0,Instock,M
HS Shirt,Aqua Contrast Stitch Shirt - Regular Fit - 3XL,102-0102-038,0.0,449.0,Outofstock,3XL
HS Shirt,Aqua Contrast Stitch Shirt - Regular Fit - 2XL,102-0102-038,0.0,449.0,Outofstock,2XL
HS Shirt,Aqua Contrast Stitch Shirt - Regular Fit - XL,102-0102-038,0.0,449.0,Outofstock,XL
HS Shirt,Aqua Contrast Stitch Shirt - Regular Fit - L,102-0102-038,11.0,449.0,Instock,L
HS Shirt,Aqua Contrast Stitch Shirt - Regular Fit - M,102-0102-038,0.0,449.0,Outofstock,M
T-Shirt,Dark Grey Versatile Active Wear - 3XL,111-0101-004,0.0,274.0,Outofstock,3XL
T-Shirt,Dark Grey Versatile Active Wear - 2XL,111-0101-004,0.0,274.0,Outofstock,2XL
T-Shirt,Dark Grey Versatile Active Wear - XL,111-0101-004,0.0,274.0,Outofstock,XL
T-Shirt,Dark Grey Versatile Active Wear - L,111-0101-004,0.0,274.0,Outofstock,L
T-Shirt,Dark Grey Versatile Active Wear - M,111-0101-004,0.0,274.0,Outofstock,M
HS Shirt,Dobby Cotton Shirt - Regular Fit - 3XL,102-0102-021,0.0,399.0,Outofstock,3XL
HS Shirt,Dobby Cotton Shirt - Regular Fit - 2XL,102-0102-021,0.0,399.0,Outofstock,2XL
HS Shirt,Dobby Cotton Shirt - Regular Fit - XL,102-0102-021,0.0,399.0,Outofstock,XL
HS Shirt,Dobby Cotton Shirt - Regular Fit - L,102-0102-021,0.0,399.0,Outofstock,L
HS Shirt,Dobby Cotton Shirt - Regular Fit - M,102-0102-021,0.0,399.0,Outofstock,M
Polo Shirt,Green Stripe Polo Shirt - 3XL,103-0100-112,0.0,499.0,Outofstock,3XL
Polo Shirt,Green Stripe Polo Shirt - 2XL,103-0100-112,47.0,499.0,Instock,2XL
Polo Shirt,Green Stripe Polo Shirt - XL,103-0100-112,45.0,499.0,Instock,XL
Polo Shirt,Green Stripe Polo Shirt - L,103-0100-112,96.0,499.0,Instock,L
Polo Shirt,Green Stripe Polo Shirt - M,103-0100-112,30.0,499.0,Instock,M
Jeans,Dark Blue Jeans- Slim Fit - 38,101-0100-127,0.0,795.0,Outofstock,38
Jeans,Dark Blue Jeans- Slim Fit - 36,101-0100-127,0.0,795.0,Outofstock,36
Jeans,Dark Blue Jeans- Slim Fit - 34,101-0100-127,0.0,795.0,Outofstock,34
Jeans,Dark Blue Jeans- Slim Fit - 32,101-0100-127,0.0,795.0,Outofstock,32
Jeans,Dark Blue Jeans- Slim Fit - 30,101-0100-127,0.0,795.0,Outofstock,30
Jeans,Dark Blue Jeans- Slim Fit - 28,101-0100-127,8.0,795.0,Instock,28
Panjabi,Embroidered Cotton Panjabi - 46,106-0101-099,0.0,1080.0,Outofstock,46
Panjabi,Embroidered Cotton Panjabi - 44,106-0101-099,0.0,1080.0,Outofstock,44
Panjabi,Embroidered Cotton Panjabi - 42,106-0101-099,0.0,1080.0,Outofstock,42
Panjabi,Embroidered Cotton Panjabi - 40,106-0101-099,0.0,1080.0,Outofstock,40
Panjabi,Embroidered Cotton Panjabi - 46,106-0101-092,0.0,1080.0,Outofstock,46
Panjabi,Embroidered Cotton Panjabi - 44,106-0101-092,0.0,1080.0,Outofstock,44
Panjabi,Embroidered Cotton Panjabi - 42,106-0101-092,0.0,1080.0,Outofstock,42
Panjabi,Embroidered Cotton Panjabi - 40,106-0101-092,0.0,1080.0,Outofstock,40
Panjabi,Embroidered Cotton Panjabi - 46,106-0101-098,0.0,1080.0,Outofstock,46
Panjabi,Embroidered Cotton Panjabi - 44,106-0101-098,0.0,1080.0,Outofstock,44
Panjabi,Embroidered Cotton Panjabi - 42,106-0101-098,0.0,1080.0,Outofstock,42
Panjabi,Embroidered Cotton Panjabi - 40,106-0101-098,0.0,1080.0,Outofstock,40
Panjabi,Embroidered Cotton Panjabi - 46,106-0101-097,0.0,1080.0,Outofstock,46
Panjabi,Embroidered Cotton Panjabi - 44,106-0101-097,0.0,1080.0,Outofstock,44
Panjabi,Embroidered Cotton Panjabi - 42,106-0101-097,0.0,1080.0,Outofstock,42
Panjabi,Embroidered Cotton Panjabi - 40,106-0101-097,0.0,1080.0,Outofstock,40
Panjabi,Embroidered Cotton Panjabi - 46,106-0101-100,0.0,1302.0,Outofstock,46
Panjabi,Embroidered Cotton Panjabi - 44,106-0101-100,0.0,1302.0,Outofstock,44
Panjabi,Embroidered Cotton Panjabi - 42,106-0101-100,0.0,1302.0,Outofstock,42
Panjabi,Embroidered Cotton Panjabi - 40,106-0101-100,0.0,1302.0,Outofstock,40
Panjabi,Embroidered Cotton Panjabi - 44,106-0101-084,0.0,1302.0,Outofstock,44
Panjabi,Embroidered Cotton Panjabi - 42,106-0101-084,0.0,1302.0,Outofstock,42
Panjabi,Embroidered Cotton Panjabi - 46,106-0101-084,0.0,1302.0,Outofstock,46
Panjabi,Embroidered Cotton Panjabi - 40,106-0101-084,0.0,1302.0,Outofstock,40
Panjabi,Embroidered Cotton Panjabi - 46,106-0101-090,0.0,1080.0,Outofstock,46
Panjabi,Embroidered Cotton Panjabi - 44,106-0101-090,0.0,1080.0,Outofstock,44
Panjabi,Embroidered Cotton Panjabi - 42,106-0101-090,0.0,1080.0,Outofstock,42
Panjabi,Embroidered Cotton Panjabi - 40,106-0101-090,0.0,1080.0,Outofstock,40
Panjabi,Embroidered Cotton Panjabi - 46,106-0101-089,0.0,1372.0,Outofstock,46
Panjabi,Embroidered Cotton Panjabi - 44,106-0101-089,0.0,1372.0,Outofstock,44
Panjabi,Embroidered Cotton Panjabi - 42,106-0101-089,0.0,1372.0,Outofstock,42
Panjabi,Embroidered Cotton Panjabi - 40,106-0101-089,0.0,1372.0,Outofstock,40
Panjabi,Embroidered Cotton Panjabi - 46,106-0101-091,0.0,1512.0,Outofstock,46
Panjabi,Embroidered Cotton Panjabi - 44,106-0101-091,0.0,1512.0,Outofstock,44
Panjabi,Embroidered Cotton Panjabi - 42,106-0101-091,0.0,1512.0,Outofstock,42
Panjabi,Embroidered Cotton Panjabi - 40,106-0101-091,0.0,1512.0,Outofstock,40
Panjabi,Embroidered Cotton Panjabi - 46,106-0101-087,0.0,1764.0,Outofstock,46
Panjabi,Embroidered Cotton Panjabi - 44,106-0101-087,0.0,1764.0,Outofstock,44
Panjabi,Embroidered Cotton Panjabi - 42,106-0101-087,0.0,1764.0,Outofstock,42
Panjabi,Embroidered Cotton Panjabi - 40,106-0101-087,0.0,1764.0,Outofstock,40
Jeans,Dark Wash Blue Jeans - Regular Fit - 38,101-0200-144,0.0,845.0,Outofstock,38
Jeans,Dark Wash Blue Jeans - Regular Fit - 36,101-0200-144,0.0,845.0,Outofstock,36
Jeans,Dark Wash Blue Jeans - Regular Fit - 34,101-0200-144,0.0,845.0,Outofstock,34
Jeans,Dark Wash Blue Jeans - Regular Fit - 32,101-0200-144,0.0,845.0,Outofstock,32
Jeans,Dark Wash Blue Jeans - Regular Fit - 30,101-0200-144,0.0,845.0,Outofstock,30
Jeans,Dark Wash Blue Jeans - Regular Fit - 28,101-0200-144,0.0,845.0,Outofstock,28
Polo Shirt,Striped Grey Pique Polo Shirt - 3XL,103-0200-117,0.0,499.0,Outofstock,3XL
Polo Shirt,Striped Grey Pique Polo Shirt - 2XL,103-0200-117,0.0,499.0,Outofstock,2XL
Polo Shirt,Striped Grey Pique Polo Shirt - XL,103-0200-117,0.0,499.0,Outofstock,XL
Polo Shirt,Striped Grey Pique Polo Shirt - L,103-0200-117,0.0,499.0,Outofstock,L
Polo Shirt,Striped Grey Pique Polo Shirt - M,103-0200-117,0.0,499.0,Outofstock,M
Jeans,Mid Wash Blue Jeans - Regular Fit - 38,101-0200-142,0.0,845.0,Outofstock,38
Jeans,Mid Wash Blue Jeans - Regular Fit - 36,101-0200-142,0.0,845.0,Outofstock,36
Jeans,Mid Wash Blue Jeans - Regular Fit - 34,101-0200-142,0.0,845.0,Outofstock,34
Jeans,Mid Wash Blue Jeans - Regular Fit - 32,101-0200-142,0.0,845.0,Outofstock,32
Jeans,Mid Wash Blue Jeans - Regular Fit - 30,101-0200-142,0.0,845.0,Outofstock,30
Jeans,Mid Wash Blue Jeans - Regular Fit - 28,101-0200-142,0.0,845.0,Outofstock,28
Jeans,Light Wash Blue Jeans - Regular Fit - 38,101-0200-143,0.0,845.0,Outofstock,38
Jeans,Light Wash Blue Jeans - Regular Fit - 36,101-0200-143,0.0,845.0,Outofstock,36
Jeans,Light Wash Blue Jeans - Regular Fit - 34,101-0200-143,-2.0,845.0,Outofstock,34
Jeans,Light Wash Blue Jeans - Regular Fit - 32,101-0200-143,0.0,845.0,Outofstock,32
Jeans,Light Wash Blue Jeans - Regular Fit - 30,101-0200-143,1.0,845.0,Instock,30
Jeans,Light Wash Blue Jeans - Regular Fit - 28,101-0200-143,12.0,845.0,Instock,28
Jeans,90's Blue Jeans- Slim Fit - 38,101-0100-138,0.0,895.0,Outofstock,38
Jeans,90's Blue Jeans- Slim Fit - 36,101-0100-138,0.0,895.0,Outofstock,36
Jeans,90's Blue Jeans- Slim Fit - 34,101-0100-138,0.0,895.0,Outofstock,34
Jeans,90's Blue Jeans- Slim Fit - 32,101-0100-138,0.0,895.0,Outofstock,32
Jeans,90's Blue Jeans- Slim Fit - 30,101-0100-138,0.0,895.0,Outofstock,30
Jeans,90's Blue Jeans- Slim Fit - 28,101-0100-138,12.0,895.0,Instock,28
Jeans,Original Blue Jeans - Slim Fit - 38,101-0100-139,0.0,895.0,Outofstock,38
Jeans,Original Blue Jeans - Slim Fit - 36,101-0100-139,0.0,895.0,Outofstock,36
Jeans,Original Blue Jeans - Slim Fit - 34,101-0100-139,0.0,895.0,Outofstock,34
Jeans,Original Blue Jeans - Slim Fit - 32,101-0100-139,0.0,895.0,Outofstock,32
Jeans,Original Blue Jeans - Slim Fit - 30,101-0100-139,0.0,895.0,Outofstock,30
Jeans,Original Blue Jeans - Slim Fit - 28,101-0100-139,8.0,895.0,Instock,28
Panjabi,Embroidered Cotton Panjabi - 44,106-0101-068,0.0,1888.0,Outofstock,44
Panjabi,Embroidered Cotton Panjabi - 42,106-0101-068,0.0,1888.0,Outofstock,42
Panjabi,Embroidered Cotton Panjabi - 40,106-0101-068,0.0,1888.0,Outofstock,40
Polo Shirt,Premium Jade Green Polo Shirt - 3XL,103-0100-115,0.0,499.0,Outofstock,3XL
Polo Shirt,Premium Jade Green Polo Shirt - 2XL,103-0100-115,0.0,499.0,Outofstock,2XL
Polo Shirt,Premium Jade Green Polo Shirt - XL,103-0100-115,0.0,499.0,Outofstock,XL
Polo Shirt,Premium Jade Green Polo Shirt - L,103-0100-115,0.0,499.0,Outofstock,L
Polo Shirt,Premium Jade Green Polo Shirt - M,103-0100-115,0.0,499.0,Outofstock,M
Polo Shirt,Premium Green Polo Shirt - 3XL,103-0200-116,0.0,499.0,Outofstock,3XL
Polo Shirt,Premium Green Polo Shirt - 2XL,103-0200-116,0.0,499.0,Outofstock,2XL
Polo Shirt,Premium Green Polo Shirt - XL,103-0200-116,0.0,499.0,Outofstock,XL
Polo Shirt,Premium Green Polo Shirt - L,103-0200-116,0.0,499.0,Outofstock,L
Polo Shirt,Premium Green Polo Shirt - M,103-0200-116,0.0,499.0,Outofstock,M
Polo Shirt,Premium Stripe Polo Shirt - 3XL,103-0100-114,0.0,499.0,Outofstock,3XL
Polo Shirt,Premium Stripe Polo Shirt - 2XL,103-0100-114,0.0,499.0,Outofstock,2XL
Polo Shirt,Premium Stripe Polo Shirt - XL,103-0100-114,0.0,499.0,Outofstock,XL
Polo Shirt,Premium Stripe Polo Shirt - L,103-0100-114,0.0,499.0,Outofstock,L
Polo Shirt,Premium Stripe Polo Shirt - M,103-0100-114,0.0,499.0,Outofstock,M
Panjabi,Embroidered Cotton Panjabi - 44,106-0101-044,0.0,1099.0,Outofstock,44
Panjabi,Embroidered Cotton Panjabi - 42,106-0101-044,0.0,1099.0,Outofstock,42
Panjabi,Embroidered Cotton Panjabi - 40,106-0101-044,0.0,1099.0,Outofstock,40
Panjabi,Embroidered Cotton Panjabi - 44,106-0101-047,0.0,1678.6,Outofstock,44
Panjabi,Embroidered Cotton Panjabi - 42,106-0101-047,0.0,1678.6,Outofstock,42
Panjabi,Embroidered Cotton Panjabi - 40,106-0101-047,0.0,1678.6,Outofstock,40
Polo Shirt,Malibu Polo Shirt in Cotton Pique - 3XL,103-0200-100,0.0,399.0,Outofstock,3XL
Polo Shirt,Malibu Polo Shirt in Cotton Pique - 2XL,103-0200-100,11.0,399.0,Instock,2XL
Polo Shirt,Malibu Polo Shirt in Cotton Pique - XL,103-0200-100,0.0,399.0,Outofstock,XL
Polo Shirt,Malibu Polo Shirt in Cotton Pique - L,103-0200-100,0.0,399.0,Outofstock,L
Polo Shirt,Malibu Polo Shirt in Cotton Pique - M,103-0200-100,10.0,399.0,Instock,M
Panjabi,Embroidered Cotton Panjabi - 44,106-0101-050,0.0,1199.0,Outofstock,44
Panjabi,Embroidered Cotton Panjabi - 42,106-0101-050,0.0,1199.0,Outofstock,42
Panjabi,Embroidered Cotton Panjabi - 40,106-0101-050,0.0,1199.0,Outofstock,40
Jeans,Indigo Mid Blue Jeans - Slim Fit - 38,101-0100-136,0.0,895.0,Outofstock,38
Jeans,Indigo Mid Blue Jeans - Slim Fit - 36,101-0100-136,0.0,895.0,Outofstock,36
Jeans,Indigo Mid Blue Jeans - Slim Fit - 34,101-0100-136,0.0,895.0,Outofstock,34
Jeans,Indigo Mid Blue Jeans - Slim Fit - 32,101-0100-136,0.0,895.0,Outofstock,32
Jeans,Indigo Mid Blue Jeans - Slim Fit - 30,101-0100-136,0.0,895.0,Outofstock,30
Jeans,Indigo Mid Blue Jeans - Slim Fit - 28,101-0100-136,8.0,895.0,Instock,28
Jeans,Dark Blue Jeans - Slim Fit - 38,101-0100-133,0.0,895.0,Outofstock,38
Jeans,Dark Blue Jeans - Slim Fit - 36,101-0100-133,0.0,895.0,Outofstock,36
Jeans,Dark Blue Jeans - Slim Fit - 34,101-0100-133,0.0,895.0,Outofstock,34
Jeans,Dark Blue Jeans - Slim Fit - 32,101-0100-133,0.0,895.0,Outofstock,32
Jeans,Dark Blue Jeans - Slim Fit - 30,101-0100-133,0.0,895.0,Outofstock,30
Jeans,Dark Blue Jeans - Slim Fit - 28,101-0100-133,13.0,895.0,Instock,28
Jeans,Black Jeans - Slim Fit - 38,101-0100-132,0.0,845.0,Outofstock,38
Jeans,Black Jeans - Slim Fit - 36,101-0100-132,0.0,845.0,Outofstock,36
Jeans,Black Jeans - Slim Fit - 34,101-0100-132,0.0,845.0,Outofstock,34
Jeans,Black Jeans - Slim Fit - 32,101-0100-132,0.0,845.0,Outofstock,32
Jeans,Black Jeans - Slim Fit - 30,101-0100-132,0.0,845.0,Outofstock,30
Jeans,Black Jeans - Slim Fit - 28,101-0100-132,2.0,845.0,Instock,28
Polo Shirt,Light Beige Polo Shirt in Cotton Pique - 3XL,103-0200-097,0.0,399.0,Outofstock,3XL
Polo Shirt,Light Beige Polo Shirt in Cotton Pique - 2XL,103-0200-097,2.0,399.0,Instock,2XL
Polo Shirt,Light Beige Polo Shirt in Cotton Pique - XL,103-0200-097,0.0,399.0,Outofstock,XL
Polo Shirt,Light Beige Polo Shirt in Cotton Pique - L,103-0200-097,0.0,399.0,Outofstock,L
Polo Shirt,Light Beige Polo Shirt in Cotton Pique - M,103-0200-097,0.0,399.0,Outofstock,M
Jeans,Black Faded Jeans - Slim Fit - 38,101-0100-131,0.0,845.0,Outofstock,38
Jeans,Black Faded Jeans - Slim Fit - 36,101-0100-131,0.0,845.0,Outofstock,36
Jeans,Black Faded Jeans - Slim Fit - 34,101-0100-131,0.0,845.0,Outofstock,34
Jeans,Black Faded Jeans - Slim Fit - 32,101-0100-131,0.0,845.0,Outofstock,32
Jeans,Black Faded Jeans - Slim Fit - 30,101-0100-131,0.0,845.0,Outofstock,30
Jeans,Black Faded Jeans - Slim Fit - 28,101-0100-131,16.0,845.0,Instock,28
Jeans,Black Faded Jeans - Slim Fit - 38,101-0100-135,0.0,845.0,Outofstock,38
Jeans,Black Faded Jeans - Slim Fit - 36,101-0100-135,0.0,845.0,Outofstock,36
Jeans,Black Faded Jeans - Slim Fit - 34,101-0100-135,0.0,845.0,Outofstock,34
Jeans,Black Faded Jeans - Slim Fit - 32,101-0100-135,0.0,845.0,Outofstock,32
Jeans,Black Faded Jeans - Slim Fit - 30,101-0100-135,0.0,845.0,Outofstock,30
Jeans,Black Faded Jeans - Slim Fit - 28,101-0100-135,24.0,845.0,Instock,28
Sweatshirt,Violet  Sweatshirt in Cotton-Terry - 3XL,108-0101-005,14.0,549.5,Instock,3XL
Sweatshirt,Violet  Sweatshirt in Cotton-Terry - 2XL,108-0101-005,32.0,549.5,Instock,2XL
Sweatshirt,Violet  Sweatshirt in Cotton-Terry - XL,108-0101-005,2.0,549.5,Instock,XL
Sweatshirt,Violet  Sweatshirt in Cotton-Terry - L,108-0101-005,16.0,549.5,Instock,L
Sweatshirt,Violet  Sweatshirt in Cotton-Terry - M,108-0101-005,0.0,549.5,Outofstock,M
T-Shirt,Full Sleeve Brown T-shirt in Cotton Blend - 3XL,105-0201-024,0.0,299.5,Outofstock,3XL
T-Shirt,Full Sleeve Brown T-shirt in Cotton Blend - 2XL,105-0201-024,19.0,299.5,Instock,2XL
T-Shirt,Full Sleeve Brown T-shirt in Cotton Blend - XL,105-0201-024,0.0,299.5,Outofstock,XL
T-Shirt,Full Sleeve Brown T-shirt in Cotton Blend - L,105-0201-024,0.0,299.5,Outofstock,L
T-Shirt,Full Sleeve Brown T-shirt in Cotton Blend - M,105-0201-024,0.0,299.5,Outofstock,M
T-Shirt,Full Sleeve Light-Blue T-shirt in Cotton Blend - 3XL,105-0201-026,0.0,299.5,Outofstock,3XL
T-Shirt,Full Sleeve Light-Blue T-shirt in Cotton Blend - 2XL,105-0201-026,0.0,299.5,Outofstock,2XL
T-Shirt,Full Sleeve Light-Blue T-shirt in Cotton Blend - XL,105-0201-026,0.0,299.5,Outofstock,XL
T-Shirt,Full Sleeve Light-Blue T-shirt in Cotton Blend - L,105-0201-026,0.0,299.5,Outofstock,L
T-Shirt,Full Sleeve Light-Blue T-shirt in Cotton Blend - M,105-0201-026,0.0,299.5,Outofstock,M
T-Shirt,Full Sleeve Maroon T-shirt in Cotton Blend - 3XL,105-0201-027,0.0,299.5,Outofstock,3XL
T-Shirt,Full Sleeve Maroon T-shirt in Cotton Blend - 2XL,105-0201-027,13.0,299.5,Instock,2XL
T-Shirt,Full Sleeve Maroon T-shirt in Cotton Blend - XL,105-0201-027,0.0,299.5,Outofstock,XL
T-Shirt,Full Sleeve Maroon T-shirt in Cotton Blend - L,105-0201-027,0.0,299.5,Outofstock,L
T-Shirt,Full Sleeve Maroon T-shirt in Cotton Blend - M,105-0201-027,0.0,299.5,Outofstock,M
Jeans,Black Faded Jeans - Slim Fit - 28,101-0100-124,0.0,1590.0,Outofstock,28
Jeans,Black Faded Jeans - Slim Fit - 38,101-0100-124,0.0,1590.0,Outofstock,38
Jeans,Black Faded Jeans - Slim Fit - 36,101-0100-124,0.0,1590.0,Outofstock,36
Jeans,Black Faded Jeans - Slim Fit - 34,101-0100-124,0.0,1590.0,Outofstock,34
Jeans,Black Faded Jeans - Slim Fit - 32,101-0100-124,0.0,1590.0,Outofstock,32
Jeans,Black Faded Jeans - Slim Fit - 30,101-0100-124,0.0,1590.0,Outofstock,30
Twill,DEEN Maroon Twill Joggers Pant - 38,104-0302-004,0.0,572.5,Outofstock,38
Twill,DEEN Maroon Twill Joggers Pant - 36,104-0302-004,0.0,572.5,Outofstock,36
Twill,DEEN Maroon Twill Joggers Pant - 34,104-0302-004,14.0,572.5,Instock,34
Twill,DEEN Maroon Twill Joggers Pant - 32,104-0302-004,0.0,572.5,Outofstock,32
Twill,DEEN Maroon Twill Joggers Pant - 30,104-0302-004,0.0,572.5,Outofstock,30
